translation_key,source_text_en,translated_text_id,context,module,reason
common.language.label,Language,Bahasa,Language selector label (header and login page),common,I18N-3 language selector (new UI)
common.language.en,English,English,Language option — the language's own name (endonym); not translated,common,I18N-3 language selector (new UI)
common.language.id,Bahasa Indonesia,Bahasa Indonesia,Language option — the language's own name (endonym); not translated,common,I18N-3 language selector (new UI)
common.language.default,Default,Default,Option: no language chosen (use the tenant default / browser / English),common,I18N-3 language selector (new UI)
common.language.saveFailed,Your language preference could not be saved.,Preferensi bahasa Anda tidak dapat disimpan.,Error after selecting a language when the preference request fails,common,I18N-3 language selector (new UI)
account.fields.defaultLanguage,Default Language,Bahasa Default,"Company profile: tenant default language for users who have not chosen one (tenants.default_locale)",account,I18N-3 tenant default locale (new field)
platform.tenants.fields.defaultLanguage,Default Language,Bahasa Default,"Platform tenant detail: tenant default language (tenants.default_locale)",platform,I18N-3 tenant default locale (new field)
common.actions.selectAllShown,Select all shown,Pilih semua yang ditampilkan,Permission picker: select only the permissions matching the current search,common,I18N-4 shared UI (was a concatenated suffix)
common.actions.clearShown,Clear shown,Bersihkan yang ditampilkan,Permission picker: clear only the permissions matching the current search,common,I18N-4 shared UI (was a concatenated suffix)
common.actions.clearAll,Clear all,Bersihkan semua,Permission picker: clear every selected permission,common,I18N-4 shared UI (was a concatenated suffix)
documents.versions.button,Versions,Versi,Button opening the printed-document version history,documents,I18N-4 shared UI (DocumentVersions)
documents.versions.title,Document Versions,Versi Dokumen,Modal title: generated versions of a printed document,documents,I18N-4 shared UI (DocumentVersions)
documents.versions.generateNew,Generate New Version,Buat Versi Baru,Creates a new generation from the current template in the chosen language,documents,I18N-4 shared UI (DocumentVersions)
documents.versions.notPrinted,Not printed yet. The first Print creates version 1.,Belum pernah dicetak. Cetak pertama akan membuat versi 1.,Empty state of the document version list,documents,I18N-4 shared UI (DocumentVersions)
documents.versions.generated,Generated,Dibuat Pada,Column: when the generation was created (date/time),documents,I18N-4 shared UI (DocumentVersions)
documents.versions.open,Open,Buka,Opens one generation (reprint),documents,I18N-4 shared UI (DocumentVersions)
